"name","icc","icc_low","icc_up","icc_panel","icc_panel_low","icc_panel_up"
"loc_peak_loc",0.755159098130583,0.7200655177848,0.789737432654224,0.984047397894094,0.980932510471297,0.986862704158721
"loc_peak_glob",0.957977829044159,0.950161117693599,0.965148339640644,0.997811525213685,0.997384206050219,0.99819774601547
"stat_mean",0.992256235591283,0.990757473034522,0.993614560670658,0.999609942290305,0.999533780053823,0.999678779455952
"stat_var",0.933992633040569,0.922058431942706,0.945033287205653,0.996478829626294,0.995791289798135,0.99710024379723
"stat_skew",0.940935328774608,0.930167528986114,0.950872543419687,0.996871205268172,0.996260280273366,0.99742337320609
"stat_kurt",0.874628467291455,0.853554289105051,0.894537219319005,0.992883871414209,0.991494384026274,0.994139721792377
"stat_median",0.997091857654925,0.996525891104081,0.99760391673485,0.999854190048456,0.999825719358774,0.999879922506854
"stat_min",0.425118531109118,0.379081439232411,0.47607648258433,0.936667896504028,0.924301740103383,0.947844710577403
"stat_p10",0.946883317128672,0.937131253768645,0.955864277555952,0.997203028290084,0.996656894691107,0.997696636287364
"stat_p90",0.995460872073485,0.994579131297116,0.996259087951886,0.999772060690272,0.999727553513053,0.999812287291699
"stat_max",0.784250108733806,0.752046311635507,0.815657558391915,0.986431466236851,0.983782089358769,0.98882603345865
"stat_iqr",0.971520620242536,0.96613865114352,0.976434124651525,0.998536433622598,0.998250659272361,0.998794722995306
"stat_range",0.731362492507689,0.694149517388084,0.768337758341122,0.981965659309687,0.97844429391602,0.985148349631103
"stat_mad",0.944336396918366,0.934147534673267,0.953728054324447,0.997061426855219,0.996487644316867,0.997580024594236
"stat_rmad",0.969336944161138,0.963556993012796,0.974617857791655,0.998420846623297,0.998112502883567,0.998699534724757
"stat_medad",0.947247100746232,0.937557654443144,0.956169249967529,0.997223194735357,0.996680998814155,0.997713243769697
"stat_cov",0.932170275131856,0.919933328166293,0.94349828806592,0.99637491998559,0.995667090876048,0.997014672071588
"stat_qcod",0.951199757863102,0.942194347673525,0.959480481600506,0.997441369179767,0.996941773758994,0.99789291491063
"stat_energy",0.948663884252307,0.939218848251813,0.957356631027654,0.997301594855736,0.996774707255226,0.997777807880841
"stat_rms",0.995599620569778,0.994744697009286,0.99637352163551,0.999779057408817,0.999735916403114,0.999818049233283
"ivh_v10",0.88833937236109,0.869244918759912,0.906290894565666,0.993754456361572,0.992534958426457,0.994856666396934
"ivh_v25",0.871407533449194,0.849879590226312,0.891768062527613,0.992675608137677,0.991245455492978,0.993968212701979
"ivh_v50",0.746554589012225,0.710669444132287,0.782020202413094,0.983308980195055,0.980049910149998,0.986254602000697
"ivh_v75",0.892883393786942,0.874462319470279,0.910174117630234,0.994037412120325,0.992873163813345,0.99508968628222
"ivh_v90",0.817004891256127,0.788454354412929,0.844529923095607,0.988924887763065,0.986762373611213,0.990879417353605
"ivh_i10",0.929161577466154,0.916427902963325,0.940961940013479,0.996202521881781,0.995461030509386,0.996872698688363
"ivh_i25",0.911570703364702,0.896009875556868,0.926080754767364,0.995173032057173,0.994230523641584,0.996024892650096
"ivh_i50",0.890548295264262,0.871780105587108,0.908179345444792,0.99389234631036,0.992699772613958,0.994970221604965
"ivh_i75",0.866034173136809,0.843758767205616,0.887141575188387,0.992324920160784,0.990826292570036,0.993679413942388
"ivh_i90",0.86653500661084,0.844328766070838,0.887573155385527,0.992357779920812,0.990865568490421,0.993706474630413
"ivh_diff_v10_v90",0.816344657136237,0.787716256871171,0.84395117739467,0.988876484447257,0.986704519117557,0.990839556227799
"ivh_diff_v25_v75",0.893514519000004,0.875187653401169,0.910712987209784,0.994076497263838,0.992919880678702,0.995121873701547
"ivh_diff_i10_i90",0.959015113821545,0.951382069618836,0.966014578131178,0.99786773456784,0.997451390780625,0.998244035574356
"ivh_diff_i25_i75",0.972225883772286,0.966972895771397,0.977020440297355,0.998573659612086,0.998295153967336,0.998825379363066
"ivh_auc",0.880174374212417,0.859891568850112,0.899298090305982,0.993239095588751,0.991918968879797,0.994432256204002
"morph_volume",0.947998702945458,0.938438808358997,0.956799225269658,0.99726481356719,0.996730744093007,0.997747517733451
"morph_vol_approx",0.948167537213946,0.938636777624486,0.956940716157042,0.997274153910503,0.996741908221411,0.997755209698218
"morph_area_mesh",0.977244839361283,0.972916013132207,0.981188892452509,0.998837103158859,0.99861003720934,0.999042330540589
"morph_av",0.899106408436993,0.881621532212027,0.91548240714533,0.994420534747987,0.993331094541051,0.995405195643619
"morph_comp_1",0.73745480310466,0.700763649205039,0.773833426923085,0.982510560146904,0.979095591487339,0.985597086674449
"morph_comp_2",0.678301564823484,0.637140286665781,0.719971528098042,0.976835779397157,0.972312759332112,0.980923788045868
"morph_sph_dispr",0.835521258086014,0.809225866617819,0.860707271236945,0.990253056085341,0.988349878609408,0.991973191275935
"morph_sphericity",0.757179992152197,0.722276484316572,0.791546570506213,0.984218550500965,0.981137082146667,0.987003651849608
"morph_asphericity",0.835521258086014,0.809225866617819,0.860707271236945,0.990253056085341,0.988349878609408,0.991973191275935
"morph_com",0.922577873839792,0.908770703902511,0.935402799868332,0.995821565578935,0.99500568910068,0.996558973339992
"morph_diam",0.993610944678855,0.992372464538409,0.99473283960362,0.999678596442086,0.99961583953926,0.999735317561567
"morph_pca_maj_axis",0.989431405952706,0.987392510100419,0.991281096624573,0.999466210968029,0.999361983912714,0.999560413756748
"morph_pca_min_axis",0.978927789650249,0.974911320064628,0.982585076822242,0.998924866821649,0.998714937507745,0.999114605721436
"morph_pca_least_axis",0.970163759676733,0.96453425366192,0.975305716659004,0.998464669930761,0.998164883081521,0.99873562411952
"morph_pca_elongation",0.995252341979408,0.994330312662478,0.996087091440736,0.999761541585918,0.999714980460031,0.999803624592976
"morph_pca_flatness",0.989749087076112,0.987770759105425,0.991543629133001,0.999482413910367,0.999381350623631,0.999573757212917
"morph_vol_dens_aabb",0.908222047758276,0.892137878458773,0.923237823856659,0.994972784194405,0.993991175602867,0.995859984417739
"morph_area_dens_aabb",0.775262099142003,0.742130098200134,0.807677278836726,0.985712766162472,0.982923056703688,0.988234169169954
"morph_vol_dens_ombb",0.881987297693743,0.861965954579124,0.900852431442472,0.993354301936907,0.992056670291925,0.994527131000507
"morph_area_dens_ombb",0.740173877395885,0.70372022189373,0.776282423959046,0.982751053269106,0.979383043030283,0.985795137705446
"morph_vol_dens_aee",0.948308782346496,0.938802406252269,0.957059079871319,0.997281965531593,0.996751245130987,0.997761642728804
"morph_area_dens_aee",0.786052952234373,0.754039166588134,0.817255264545934,0.986573770570006,0.983952179878442,0.988943224002973
"morph_vol_dens_mvee",0.85798357235778,0.834610534681698,0.880193991025401,0.991791758776952,0.99018902668477,0.993240344580284
"morph_area_dens_mvee",0.814682490732331,0.785858840015387,0.842493575919297,0.988754300823284,0.986558478054462,0.990738935501197
"morph_vol_dens_conv_hull",0.855952659532408,0.832306927436794,0.878438298836211,0.99165576657519,0.990026480796276,0.99312835220595
"morph_area_dens_conv_hull",0.704822359164104,0.665501515622843,0.74425899557551,0.979489623691327,0.975484790324546,0.983109283388744
"morph_integ_int",0.959958266329157,0.952492626537085,0.966801943299524,0.997918743036268,0.997512359106116,0.99828604209691
"morph_moran_i",0.945497825620352,0.935507803158881,0.954702428235224,0.997126088580761,0.996564931819338,0.997633274854753
"morph_geary_c",0.957577971629263,0.94969058389303,0.96481433691992,0.997789826542397,0.997358270520402,0.998179876713509
"ih_mean_fbn_n32",0.879960226910922,0.859646627066966,0.899114423753923,0.993225457531929,0.991902667871101,0.994421024983792
"ih_var_fbn_n32",0.934570873866377,0.92273303180649,0.945520149840382,0.996511720359138,0.995830602739054,0.997127329992005
"ih_skew_fbn_n32",0.942616265217829,0.932133977211306,0.952284255810531,0.996965382457054,0.996372846395867,0.997500930057545
"ih_kurt_fbn_n32",0.880814123374951,0.860623427637333,0.899846700340475,0.993279801000319,0.991967622384954,0.994465777947387
"ih_median_fbn_n32",0.879008145388071,0.858557866188932,0.898297694204722,0.993164747936721,0.991830104187557,0.994371029383867
"ih_min_fbn_n32",1,1,1,1,1,1
"ih_p10_fbn_n32",0.852002750456612,0.827831494452852,0.875020153545201,0.99138952760231,0.989708256296359,0.992909098937549
"ih_p90_fbn_n32",0.920712926939376,0.906605021037439,0.933825817551603,0.99571271649446,0.994875586264501,0.996469333880843
"ih_max_fbn_n32",1,1,1,1,1,1
"ih_mode_fbn_n32",0.883230559507113,0.863389310642325,0.901917806272768,0.993433049833503,0.992150794415613,0.994591981512517
"ih_iqr_fbn_n32",0.861607729136907,0.838725517939615,0.883323976558619,0.992032935288137,0.990477295054472,0.99343895839616
"ih_range_fbn_n32",1,1,1,1,1,1
"ih_mad_fbn_n32",0.946334381630299,0.936487939399098,0.955404014848293,0.997172570096031,0.996620489263811,0.997671553338301
"ih_rmad_fbn_n32",0.960157268554021,0.952726999849092,0.966968042857562,0.997929493525969,0.997525208724533,0.998294895346224
"ih_medad_fbn_n32",0.94923168036015,0.939884838054898,0.957832331157886,0.997332952577783,0.996812187851357,0.997803631609704
"ih_cov_fbn_n32",0.891317155076841,0.872663005874749,0.908836324308946,0.993940190259685,0.992756958519851,0.99500962208097
"ih_qcod_fbn_n32",0.820825020640809,0.792728438418094,0.847875965412673,0.989203513859781,0.987095403931049,0.99110887167318
"ih_entropy_fbn_n32",0.941759032967066,0.931130990062707,0.951564420967796,0.996917394414592,0.996315488261371,0.997461410917878
"ih_uniformity_fbn_n32",0.947332011950167,0.937657189378767,0.956240428569328,0.997227899699272,0.996686622464114,0.997717118404221
"ih_max_grad_fbn_n32",0.986397744643289,0.983782702214027,0.988772659166759,0.999310983664835,0.999176447098183,0.999432580880885
"ih_max_grad_g_fbn_n32",0.864196875753262,0.841668622619043,0.885557696946658,0.992204067382021,0.990681842211513,0.993579889194181
"ih_min_grad_fbn_n32",0.980577892014502,0.976868887690388,0.983953242916412,0.999010639915242,0.998817458560617,0.999185241627621
"ih_min_grad_g_fbn_n32",0.905473833303662,0.888963693785815,0.920902230242483,0.994807396616849,0.993793494630052,0.99572378434703
"cm_joint_max_d1_3d_avg_fbn_n32",0.94075641263384,0.929958294860171,0.950722235725733,0.996861162434001,0.996248276486516,0.997415102725656
"cm_joint_avg_d1_3d_avg_fbn_n32",0.883725015998114,0.863955570866747,0.902341389601554,0.993464310463413,0.992188158961503,0.994617725284009
"cm_joint_var_d1_3d_avg_fbn_n32",0.948814503437997,0.939395501721123,0.957482828829909,0.997309916578987,0.996784653868944,0.997784660991044
"cm_joint_entr_d1_3d_avg_fbn_n32",0.94807732526089,0.938530996658213,0.956865115393779,0.997269163546764,0.996735943444775,0.997751100031071
"cm_diff_avg_d1_3d_avg_fbn_n32",0.951896507259663,0.943012373295963,0.960063705890579,0.99747964958813,0.996987528757505,0.997924439614013
"cm_diff_var_d1_3d_avg_fbn_n32",0.922856191945163,0.909094029464202,0.935638057479711,0.995837774142239,0.995025062530107,0.996572321425143
"cm_diff_entr_d1_3d_avg_fbn_n32",0.940119723285431,0.929213827616876,0.950187278253412,0.996825394734608,0.996205524825745,0.997385647289774
"cm_sum_avg_d1_3d_avg_fbn_n32",0.883725015998114,0.863955570866747,0.902341389601554,0.993464310463413,0.992188158961503,0.994617725284009
"cm_sum_var_d1_3d_avg_fbn_n32",0.951588873609616,0.942651167083593,0.959806213573535,0.997462754304537,0.996967334519546,0.997910526000584
"cm_sum_entr_d1_3d_avg_fbn_n32",0.947483364648452,0.937834616317096,0.956367298080313,0.997236284231873,0.996696644151266,0.997724023239215
"cm_energy_d1_3d_avg_fbn_n32",0.940559919802712,0.929728521437597,0.950557151336001,0.996850128824624,0.996235088466789,0.997406016321468
"cm_contrast_d1_3d_avg_fbn_n32",0.941377384073634,0.930684551056708,0.951243875632539,0.996896003000966,0.996289919984008,0.997443794648921
"cm_dissimilarity_d1_3d_avg_fbn_n32",0.951896507259663,0.943012373295963,0.960063705890579,0.99747964958813,0.996987528757505,0.997924439614013
"cm_inv_diff_d1_3d_avg_fbn_n32",0.953024850720405,0.944337560875407,0.961007911017528,0.99754152988542,0.997061491733124,0.997975399311174
"cm_inv_diff_norm_d1_3d_avg_fbn_n32",0.953237581888176,0.944587465480457,0.961185885497743,0.997553180874362,0.997075417681265,0.997984994140128
"cm_inv_diff_mom_d1_3d_avg_fbn_n32",0.954160066565426,0.945671374844773,0.961957503701671,0.99760364710389,0.99713573789089,0.998026554117798
"cm_inv_diff_mom_norm_d1_3d_avg_fbn_n32",0.942868065167794,0.93242865059071,0.952495657504415,0.996979462568056,0.996389675773751,0.997512525318461
"cm_inv_var_d1_3d_avg_fbn_n32",0.911018746382303,0.895371330779923,0.925612379141234,0.99514012110875,0.994191186537815,0.995997789807376
"cm_corr_d1_3d_avg_fbn_n32",0.95832038967439,0.950564282363866,0.965434446229138,0.997830100964798,0.997406408881925,0.998213043528454
"cm_auto_corr_d1_3d_avg_fbn_n32",0.893132495555495,0.874748585026318,0.91038682046127,0.99405284505014,0.992891610159947,0.995102395617245
"cm_clust_tend_d1_3d_avg_fbn_n32",0.951588873609616,0.942651167083593,0.959806213573535,0.997462754304537,0.996967334519546,0.997910526000584
"cm_clust_shade_d1_3d_avg_fbn_n32",0.93720939868194,0.925813060513256,0.947740503230155,0.996661313720979,0.996009405535082,0.997250523201322
"cm_clust_prom_d1_3d_avg_fbn_n32",0.937782053692672,0.926481931428393,0.948222137790885,0.996693675606738,0.99604808636682,0.997277173879649
"cm_info_corr1_d1_3d_avg_fbn_n32",0.938652318597609,0.927498684832289,0.948953899839044,0.99674278443848,0.99610678413467,0.997317616012333
"cm_info_corr2_d1_3d_avg_fbn_n32",0.928658973813677,0.915842697285979,0.940537990029509,0.996173619687516,0.995426484904671,0.996848897137117
"cm_joint_max_d1_3d_v_mrg_fbn_n32",0.940620350974587,0.929799186257663,0.950607924043248,0.996853522664896,0.996239144984554,0.997408811218714
"cm_joint_avg_d1_3d_v_mrg_fbn_n32",0.88371483572428,0.863943911213844,0.90233266924439,0.993463667176927,0.99218739006761,0.99461719552436
"cm_joint_var_d1_3d_v_mrg_fbn_n32",0.948772346044709,0.9393460565049,0.957447507481064,0.997307587631577,0.996781870173841,0.997782743054965
"cm_joint_entr_d1_3d_v_mrg_fbn_n32",0.94931679007356,0.93998467847545,0.957903628286217,0.997337649875955,0.996817802338769,0.997807499931331
"cm_diff_avg_d1_3d_v_mrg_fbn_n32",0.95114166203113,0.942126149143634,0.959431845428083,0.997438174911358,0.996937955781273,0.997890284364917
"cm_diff_var_d1_3d_v_mrg_fbn_n32",0.92364501280201,0.910010591207564,0.936304713635871,0.995883662918174,0.995079911497619,0.996610111775662
"cm_diff_entr_d1_3d_v_mrg_fbn_n32",0.940908672245076,0.930136354540632,0.95085014981024,0.996869709226068,0.996258492115737,0.997422141184657
"cm_sum_avg_d1_3d_v_mrg_fbn_n32",0.88371483572428,0.863943911213844,0.90233266924439,0.993463667176927,0.99218739006761,0.99461719552436
"cm_sum_var_d1_3d_v_mrg_fbn_n32",0.951641033809737,0.942712407794468,0.959849874046798,0.997465619678836,0.996970759383658,0.997912885695236
"cm_sum_entr_d1_3d_v_mrg_fbn_n32",0.947754252062666,0.938152195411518,0.956594349859165,0.997251284332514,0.996714573154948,0.997736376130515
"cm_energy_d1_3d_v_mrg_fbn_n32",0.940085761558777,0.929174121781803,0.950158739778553,0.996823485556339,0.996203242863441,0.997384075042214
"cm_contrast_d1_3d_v_mrg_fbn_n32",0.940366434415381,0.929502281026961,0.95039458292885,0.996839259824548,0.996222097197794,0.997397065476424
"cm_dissimilarity_d1_3d_v_mrg_fbn_n32",0.95114166203113,0.942126149143634,0.959431845428083,0.997438174911358,0.996937955781273,0.997890284364917
"cm_inv_diff_d1_3d_v_mrg_fbn_n32",0.952514570136739,0.943738191653886,0.960580949517332,0.997513562427737,0.997028063380623,0.997952367534724
"cm_inv_diff_norm_d1_3d_v_mrg_fbn_n32",0.952526970864659,0.943752756061063,0.960591326316032,0.997514242423472,0.997028876151572,0.997952927525193
"cm_inv_diff_mom_d1_3d_v_mrg_fbn_n32",0.953653742326773,0.945076403890762,0.961534015337239,0.997575959155844,0.997102643624767,0.998003752523281
"cm_inv_diff_mom_norm_d1_3d_v_mrg_fbn_n32",0.941872251696344,0.931263441245412,0.951659504945503,0.996923737164596,0.996323069489717,0.997466634302922
"cm_inv_var_d1_3d_v_mrg_fbn_n32",0.910940718643084,0.89528107288101,0.925546159832629,0.995135465590435,0.994185621988148,0.99599395589232
"cm_corr_d1_3d_v_mrg_fbn_n32",0.957908692350401,0.950079755862358,0.965090592670147,0.997807774668185,0.997379723177358,0.998194657364134
"cm_auto_corr_d1_3d_v_mrg_fbn_n32",0.893130469858061,0.874746257008071,0.910385090833224,0.994052719582227,0.992891460193308,0.995102292291839
"cm_clust_tend_d1_3d_v_mrg_fbn_n32",0.951641033809737,0.942712407794468,0.959849874046798,0.997465619678836,0.996970759383658,0.997912885695236
"cm_clust_shade_d1_3d_v_mrg_fbn_n32",0.9371889387825,0.925789165597271,0.947723293592914,0.996660156798104,0.996008022712729,0.997249570451548
"cm_clust_prom_d1_3d_v_mrg_fbn_n32",0.937691869431025,0.926376585338039,0.948146294035288,0.996688581595767,0.996041997704908,0.997272978856875
"cm_info_corr1_d1_3d_v_mrg_fbn_n32",0.942701785400239,0.93223405567457,0.952356057335187,0.9969701653604,0.996378563203623,0.997504868876793
"cm_info_corr2_d1_3d_v_mrg_fbn_n32",0.933864656597344,0.92190914860827,0.944925521711619,0.996471545027654,0.995782582816831,0.997094244780469
"rlm_sre_3d_avg_fbn_n32",0.951344503907133,0.942364270974052,0.959601654702562,0.997449326106899,0.996951284346907,0.997899467603728
"rlm_lre_3d_avg_fbn_n32",0.941231311985205,0.930513697782174,0.951121179323861,0.996887811315722,0.996280128799373,0.997437048627691
"rlm_lgre_3d_avg_fbn_n32",0.857076300221892,0.833581232483928,0.879409819917848,0.991731081855429,0.990116502054738,0.993190375887811
"rlm_hgre_3d_avg_fbn_n32",0.888275363069263,0.869171485466328,0.906236150533807,0.993750450988933,0.992530170969191,0.99485336789021
"rlm_srlge_3d_avg_fbn_n32",0.861839607401696,0.838988983535287,0.883524104568835,0.992048301008293,0.990495661068131,0.993451612382648
"rlm_srhge_3d_avg_fbn_n32",0.925804476993422,0.912521110561427,0.938128828100949,0.996008908806097,0.995229612758933,0.996713254339591
"rlm_lrlge_3d_avg_fbn_n32",0.909387765312474,0.893485242306486,0.924227858799082,0.995042651676383,0.994074685332012,0.995917521725718
"rlm_lrhge_3d_avg_fbn_n32",0.927261427535987,0.914216032653965,0.939358768989059,0.996093098028225,0.99533024067535,0.996782585895057
"rlm_glnu_3d_avg_fbn_n32",0.976819355464226,0.97241175560364,0.980835783520964,0.998814869284049,0.998583461972754,0.999024020487525
"rlm_glnu_norm_3d_avg_fbn_n32",0.914558550244915,0.899468672677543,0.92861463350992,0.995350533186357,0.994442683444705,0.996171068479642
"rlm_rlnu_3d_avg_fbn_n32",0.914505854894143,0.899407638688826,0.928569966907914,0.995347412177188,0.994438953030741,0.996168498264419
"rlm_rlnu_norm_3d_avg_fbn_n32",0.959786407353114,0.952290234794866,0.966658490195341,0.997909455477094,0.997501258068423,0.998278393600965
"rlm_r_perc_3d_avg_fbn_n32",0.959026403408294,0.951395360764948,0.966024004417653,0.997868345704393,0.997452121247025,0.998244538857873
"rlm_gl_var_3d_avg_fbn_n32",0.902567923641492,0.885610828998502,0.918430238071908,0.994631483784308,0.993583233252619,0.995578916512427
"rlm_rl_var_3d_avg_fbn_n32",0.941488611052398,0.93081465387787,0.951337298991715,0.996902238966984,0.996297373577845,0.997448930095157
"rlm_rl_entr_3d_avg_fbn_n32",0.854997995588502,0.831224662987505,0.877612583483286,0.991591630928716,0.989949822094489,0.993075535182362
"rlm_sre_3d_v_mrg_fbn_n32",0.951638948495765,0.942709959427985,0.959848128558397,0.997465505129675,0.996970622467756,0.997912791361647
"rlm_lre_3d_v_mrg_fbn_n32",0.940018871385832,0.929095919602549,0.950102530147535,0.996819724904221,0.996198747910555,0.99738097806787
"rlm_lgre_3d_v_mrg_fbn_n32",0.857152556971713,0.833667732939511,0.879475739362946,0.991736186444296,0.990122603359974,0.993194579621699
"rlm_hgre_3d_v_mrg_fbn_n32",0.88832649205843,0.869230141970352,0.906279878765938,0.993753650422198,0.992533995120253,0.994856002689289
"rlm_srlge_3d_v_mrg_fbn_n32",0.861929772537531,0.839091437272814,0.88360191941658,0.992054273816433,0.990502800120175,0.993456531112961
"rlm_srhge_3d_v_mrg_fbn_n32",0.924947600076174,0.911524697311976,0.937405178276295,0.995959277369506,0.99517029034299,0.996672381831068
"rlm_lrlge_3d_v_mrg_fbn_n32",0.905622523062399,0.889135348906888,0.921028651467142,0.994816369042536,0.993804219001644,0.995731173324068
"rlm_lrhge_3d_v_mrg_fbn_n32",0.924873332792009,0.911438350838599,0.93734244814192,0.995954971613212,0.99516514384949,0.996668835952229
"rlm_glnu_3d_v_mrg_fbn_n32",0.976859341986081,0.972459141812924,0.980868970474032,0.998816959582267,0.998585960420287,0.999025741891086
"rlm_glnu_norm_3d_v_mrg_fbn_n32",0.915132280296379,0.900133267160133,0.9291008973121,0.995384491736285,0.994483272703489,0.996199034043741
"rlm_rlnu_3d_v_mrg_fbn_n32",0.91421809159135,0.89907435975432,0.928326033560778,0.995330362700387,0.994418574491979,0.996154457669713
"rlm_rlnu_norm_3d_v_mrg_fbn_n32",0.95962451208968,0.952099588651752,0.96652334632901,0.997900703489654,0.997490797177606,0.998271186159356
"rlm_r_perc_3d_v_mrg_fbn_n32",0.959026403408294,0.951395360764948,0.966024004417653,0.997868345704393,0.997452121247025,0.998244538857873
"rlm_gl_var_3d_v_mrg_fbn_n32",0.90338340703907,0.886551382670897,0.919124198636876,0.994680958024103,0.993642367777693,0.995619659566155
"rlm_rl_var_3d_v_mrg_fbn_n32",0.939745780471366,0.928776665342098,0.949873031212879,0.996804366119466,0.996180390186496,0.997368329792828
"rlm_rl_entr_3d_v_mrg_fbn_n32",0.854014311350524,0.830109889779663,0.876761484241585,0.991525404372796,0.989870664214594,0.993020996251855
"szm_sze_3d_fbn_n32",0.800753147744085,0.770336666252946,0.830245501226769,0.987711666137759,0.985312259674756,0.989880304399688
"szm_lze_3d_fbn_n32",0.868424440857003,0.846480062998644,0.889200658925003,0.992481424278569,0.991013355508562,0.993808298301321
"szm_lgze_3d_fbn_n32",0.798330746582374,0.767645154244685,0.828109439592733,0.987526861161687,0.985091369883691,0.989728113702052
"szm_hgze_3d_fbn_n32",0.919103874459655,0.904737683689249,0.932464413897385,0.995618467142487,0.994762933888424,0.9963917176016
"szm_szlge_3d_fbn_n32",0.779999016144413,0.747352243480157,0.811886208018269,0.986093473842361,0.983378100943592,0.988547689772207
"szm_szhge_3d_fbn_n32",0.925997872760892,0.912746042678658,0.938292125603454,0.996020098521193,0.995242987365407,0.996722469300047
"szm_lzlge_3d_fbn_n32",0.871702337194612,0.850215747597699,0.892021643360932,0.992694730280061,0.99126831140371,0.993983960179409
"szm_lzhge_3d_fbn_n32",0.865949044041605,0.843661892008673,0.887068210036271,0.99231933126508,0.990819612392746,0.993674811371861
"szm_glnu_3d_fbn_n32",0.914723434734231,0.899659656469377,0.928754390759826,0.995360296671163,0.994454353336743,0.99617910891013
"szm_glnu_norm_3d_fbn_n32",0.71882268432557,0.680580363717127,0.756988935439182,0.980817001353595,0.977071350279336,0.984202406186301
"szm_zsnu_3d_fbn_n32",0.888342725642016,0.869248765786963,0.906293762430625,0.993754666177644,0.992535209210982,0.994856839184784
"szm_zsnu_norm_3d_fbn_n32",0.809993147177127,0.780624614911368,0.838376832780486,0.98840705538338,0.986143429854469,0.9904529717416
"szm_z_perc_3d_fbn_n32",0.964843089750212,0.95825065723673,0.9708758968432,0.998181415464892,0.997826320662296,0.998502358242782
"szm_gl_var_3d_fbn_n32",0.770421062343385,0.736802262232571,0.803368651548645,0.985319162620051,0.982452598569412,0.987910028559749
"szm_zs_var_3d_fbn_n32",0.868749516361932,0.846850340177019,0.889480563181632,0.992502646053142,0.991038721023339,0.99382577486903
"szm_zs_entr_3d_fbn_n32",0.93641482161597,0.924885213447552,0.947072065100337,0.996616348500843,0.995955660455854,0.997213493417995
"dzm_sde_3d_fbn_n32",0.80949160127202,0.780065312178393,0.83793613317601,0.988369692338818,0.986098771343198,0.990422202506168
"dzm_lde_3d_fbn_n32",0.973098260118385,0.968005115888224,0.977745491257357,0.998619635509785,0.99835010706791,0.998863241460148
"dzm_lgze_3d_fbn_n32",0.798330746582374,0.767645154244685,0.828109439592733,0.987526861161687,0.985091369883691,0.989728113702052
"dzm_hgze_3d_fbn_n32",0.919103874459655,0.904737683689249,0.932464413897385,0.995618467142487,0.994762933888424,0.9963917176016
"dzm_sdlge_3d_fbn_n32",0.787752787139219,0.755919330906552,0.818760765708307,0.986707384869544,0.984111883558156,0.989053258125933
"dzm_sdhge_3d_fbn_n32",0.791416111119893,0.759975164747827,0.822002256858724,0.986993508134751,0.9844538749353,0.989288886517911
"dzm_ldlge_3d_fbn_n32",0.973687389935025,0.968702378842794,0.978235009357113,0.998650639561447,0.99838716493637,0.998888773934177
"dzm_ldhge_3d_fbn_n32",0.974126644389098,0.969222355928079,0.978599930237113,0.998673732990379,0.998414767562663,0.998907791847734
"dzm_glnu_3d_fbn_n32",0.914723434734231,0.899659656469377,0.928754390759826,0.995360296671163,0.994454353336743,0.99617910891013
"dzm_glnu_norm_3d_fbn_n32",0.71882268432557,0.680580363717127,0.756988935439182,0.980817001353595,0.977071350279336,0.984202406186301
"dzm_zdnu_3d_fbn_n32",0.933681817338616,0.921695880455486,0.944771549614444,0.996461134280917,0.995770139279214,0.997085671316472
"dzm_zdnu_norm_3d_fbn_n32",0.802398089101924,0.772165678609757,0.831694979558375,0.987836561744916,0.985461542259868,0.989983158500204
"dzm_z_perc_3d_fbn_n32",0.964843089750212,0.95825065723673,0.9708758968432,0.998181415464892,0.997826320662296,0.998502358242782
"dzm_gl_var_3d_fbn_n32",0.770421062343385,0.736802262232571,0.803368651548645,0.985319162620051,0.982452598569412,0.987910028559749
"dzm_zd_var_3d_fbn_n32",0.974373727553494,0.969514883099779,0.978805176615284,0.998686714496159,0.998430283822887,0.998918482384662
"dzm_zd_entr_3d_fbn_n32",0.877653949956524,0.857009912347575,0.897135558396237,0.993078183426814,0.991726637187299,0.994299741730076
"ngt_coarseness_3d_fbn_n32",0.961106553078309,0.953845248697722,0.967760220862694,0.997980717645391,0.997586434808792,0.998337079461804
"ngt_contrast_3d_fbn_n32",0.951457103273368,0.942496462228605,0.95969591234588,0.997455514292073,0.996958680830266,0.997904563701456
"ngt_busyness_3d_fbn_n32",0.951371620425857,0.942396105170084,0.95962435444029,0.997450816491186,0.996953065741979,0.997900694965832
"ngt_complexity_3d_fbn_n32",0.948965575997078,0.939572696751439,0.957609400038042,0.997318260837021,0.996794627417562,0.997791532659104
"ngt_strength_3d_fbn_n32",0.899157649374468,0.881680549248815,0.915526069373945,0.994423668622996,0.993334840333023,0.995407776454125
"ngl_lde_d1_a0.0_3d_fbn_n32",0.963695170508661,0.956896605151776,0.969919133130911,0.99811991517436,0.997752811893134,0.998451711489
"ngl_hde_d1_a0.0_3d_fbn_n32",0.952842704818223,0.944123601656601,0.960855514517097,0.997531550090959,0.997049563295048,0.997967180745238
"ngl_lgce_d1_a0.0_3d_fbn_n32",0.869591342740632,0.847809424971267,0.890205267610441,0.992557533131573,0.991104325291928,0.993870975506671
"ngl_hgce_d1_a0.0_3d_fbn_n32",0.891642169732154,0.873036302289299,0.909113992449877,0.993960391564117,0.992781104308617,0.995026258270536
"ngl_ldlge_d1_a0.0_3d_fbn_n32",0.879920203711153,0.859600850623759,0.899080095780917,0.993222907943682,0.991899620453076,0.994418925345448
"ngl_ldhge_d1_a0.0_3d_fbn_n32",0.967042937646251,0.960847135327251,0.97270838354805,0.998298886359405,0.997966728793594,0.998599097939774
"ngl_hdlge_d1_a0.0_3d_fbn_n32",0.939668120625778,0.928685883701291,0.949807763898327,0.996799996942765,0.99617516788919,0.997364731685978
"ngl_hdhge_d1_a0.0_3d_fbn_n32",0.932725611696414,0.920580771720893,0.943966156802681,0.996406625624944,0.995704987323434,0.997040782317507
"ngl_glnu_d1_a0.0_3d_fbn_n32",0.985625863190956,0.982864873298762,0.988134006898258,0.999271343035397,0.999129066283334,0.999399936007477
"ngl_glnu_norm_d1_a0.0_3d_fbn_n32",0.947332011950167,0.937657189378767,0.956240428569328,0.997227899699272,0.996686622464114,0.997717118404221
"ngl_dcnu_d1_a0.0_3d_fbn_n32",0.947787209153646,0.938190835329106,0.956621972336928,0.997253108741881,0.996716753796469,0.997737878569142
"ngl_dcnu_norm_d1_a0.0_3d_fbn_n32",0.968554847769366,0.962632862744858,0.973967026002409,0.998379328231516,0.998062877656581,0.998665343475451
"ngl_dc_perc_d1_a0.0_3d_fbn_n32",1,1,1,1,1,1
"ngl_gl_var_d1_a0.0_3d_fbn_n32",0.934570873866377,0.92273303180649,0.945520149840382,0.996511720359138,0.995830602739054,0.997127329992005
"ngl_dc_var_d1_a0.0_3d_fbn_n32",0.941633831315719,0.93098452682863,0.951459269181839,0.996910378674292,0.996307102635389,0.997455633311489
"ngl_dc_entr_d1_a0.0_3d_fbn_n32",0.917796890016164,0.903221710418509,0.931358038888758,0.995541681214841,0.994671154825571,0.99632848281136
"ngl_dc_energy_d1_a0.0_3d_fbn_n32",0.904194932346427,0.887487648754916,0.919814599490993,0.994730108413333,0.9937011152175,0.995660135922285
"log_loc_peak_loc",0.797269738719632,0.766467010392587,0.827173282366397,0.987445585117002,0.984994223968519,0.989661181208109
"log_loc_peak_glob",0.915111449955889,0.900109135380499,0.929083244257222,0.995383259512148,0.994481799876632,0.996198019281828
"log_stat_mean",0.996243714312227,0.995513392287753,0.996904672182497,0.999811513105518,0.999774709363215,0.999844777166849
"log_stat_var",0.941844151062144,0.931230566645977,0.951635905655989,0.996922163043039,0.996321188006928,0.997465337981454
"log_stat_skew",0.97720299520405,0.972866418478441,0.981154168243778,0.99883491738596,0.998607424644844,0.999040530511664
"log_stat_kurt",0.947421032887378,0.937761545175898,0.956315050046016,0.997232831527251,0.996692517275363,0.997721179865967
"log_stat_median",0.993981369733762,0.992814201104873,0.995038527819985,0.999697337956298,0.999638240500784,0.999750751583871
"log_stat_min",0.887462317880464,0.868238885376218,0.905540688342345,0.993699527333371,0.992469304017033,0.994811431212796
"log_stat_p10",0.985950741554005,0.983251147764119,0.988402830419056,0.999288034621372,0.999149017049904,0.999413681871729
"log_stat_p90",0.983676009933614,0.980547508514758,0.986519966297576,0.999170943664667,0.999009063042649,0.999317255061335
"log_stat_max",0.94952357385413,0.940227265205732,0.958076844262409,0.997349059174868,0.996831439404754,0.997816895723577
"log_stat_iqr",0.990559995414292,0.988736473936363,0.992213638896942,0.999523728566423,0.999430732333681,0.999607780681665
"log_stat_range",0.893489164015141,0.875158510440376,0.910691340764841,0.994074928052698,0.992918005065132,0.995120581423908
"log_stat_mad",0.962624097200331,0.955633714745711,0.969026084490699,0.998062406519711,0.997684074162258,0.998404351929441
"log_stat_rmad",0.985687853152334,0.982938574650793,0.988185303315041,0.999274528759232,0.999132874048077,0.999402559516558
"log_stat_medad",0.964819367672153,0.958222669567416,0.97085612879725,0.998180145948133,0.9978248032611,0.998501312769628
"log_stat_cov",0.178201357584285,0.147667675485451,0.215087423357038,0.812623966159129,0.776037129273851,0.845691983427482
"log_stat_qcod",0.0448877154675913,0.0302106097386604,0.0634807607102126,0.484521828131096,0.383870131083728,0.575493126537894
"log_stat_energy",0.879418191141159,0.859026731362581,0.898649478728199,0.993190909760143,0.991861374339651,0.994392574183378
"log_stat_rms",0.963853363268223,0.95708317069125,0.970051005090213,0.998128398674865,0.997762951872553,0.998458697826098
"log_ivh_v10",0.644903192852643,0.601796647630848,0.689058937409097,0.973206632278551,0.967974988965701,0.977935110773526
"log_ivh_v25",0.884676055495514,0.865045003858925,0.903155910052119,0.993524344551704,0.992259915239397,0.994667164590098
"log_ivh_v50",0.923327893412227,0.909642086021721,0.93603672800274,0.995865223766742,0.995057871937896,0.996594926755323
"log_ivh_v75",0.884984658133149,0.865398594652246,0.903420156733815,0.993543798831308,0.992283168140096,0.994683185589358
"log_ivh_v90",0.541358655740487,0.494786458074278,0.590837383520354,0.959361254261012,0.951426177767519,0.966533157296393
"log_ivh_i10",0.95739012807072,0.949469562148276,0.964657414768063,0.997779627088408,0.997346079532321,0.998171477253435
"log_ivh_i25",0.963565697236429,0.956743918197864,0.969811196948196,0.998112969865955,0.9977445104515,0.998445991884723
"log_ivh_i50",0.963804263731364,0.957025263706494,0.970010075701309,0.998125765866382,0.997759804984802,0.998456529654178
"log_ivh_i75",0.956218661355713,0.948091527897202,0.963678561498718,0.997715933555623,0.997269949270853,0.998119024319561
"log_ivh_i90",0.932483192429338,0.920298129086467,0.943761930419851,0.996392789661489,0.995688449765075,0.997029388117116
"log_ivh_diff_v10_v90",0.553608565334371,0.507248376174438,0.602649800380733,0.961245908479273,0.95367882748155,0.96808520879617
"log_ivh_diff_v25_v75",0.879301350290591,0.858893123052863,0.898549244204631,0.993183457401579,0.991852466841806,0.99438643701287
"log_ivh_diff_i10_i90",0.982056979991073,0.978624590776301,0.985178968791034,0.99908729108291,0.998909076550407,0.999248365440247
"log_ivh_diff_i25_i75",0.988272640003571,0.986013195260412,0.990323251916129,0.999407025678003,0.999291242168494,0.999511673453482
"log_ivh_auc",0.954089296771094,0.945588208087189,0.961898316373327,0.997599778786948,0.997131114250666,0.998023368479259
"log_morph_volume",0.947998702945458,0.938438808358997,0.956799225269658,0.99726481356719,0.996730744093007,0.997747517733451
"log_morph_vol_approx",0.948167537213946,0.938636777624486,0.956940716157042,0.997274153910503,0.996741908221411,0.997755209698218
"log_morph_area_mesh",0.977244839361283,0.972916013132207,0.981188892452509,0.998837103158859,0.99861003720934,0.999042330540589
"log_morph_av",0.899106408436993,0.881621532212027,0.91548240714533,0.994420534747987,0.993331094541051,0.995405195643619
"log_morph_comp_1",0.73745480310466,0.700763649205039,0.773833426923085,0.982510560146904,0.979095591487339,0.985597086674449
"log_morph_comp_2",0.678301564823484,0.637140286665781,0.719971528098042,0.976835779397157,0.972312759332112,0.980923788045868
"log_morph_sph_dispr",0.835521258086014,0.809225866617819,0.860707271236945,0.990253056085341,0.988349878609408,0.991973191275935
"log_morph_sphericity",0.757179992152197,0.722276484316572,0.791546570506213,0.984218550500965,0.981137082146667,0.987003651849608
"log_morph_asphericity",0.835521258086014,0.809225866617819,0.860707271236945,0.990253056085341,0.988349878609408,0.991973191275935
"log_morph_com",0.165137509706964,0.135935353919407,0.200579240899809,0.798226041447961,0.75882788172648,0.833834996387039
"log_morph_diam",0.993610944678855,0.992372464538409,0.99473283960362,0.999678596442086,0.99961583953926,0.999735317561567
"log_morph_pca_maj_axis",0.989431405952706,0.987392510100419,0.991281096624573,0.999466210968029,0.999361983912714,0.999560413756748
"log_morph_pca_min_axis",0.978927789650249,0.974911320064628,0.982585076822242,0.998924866821649,0.998714937507745,0.999114605721436
"log_morph_pca_least_axis",0.970163759676733,0.96453425366192,0.975305716659004,0.998464669930761,0.998164883081521,0.99873562411952
"log_morph_pca_elongation",0.995252341979408,0.994330312662478,0.996087091440736,0.999761541585918,0.999714980460031,0.999803624592976
"log_morph_pca_flatness",0.989749087076112,0.987770759105425,0.991543629133001,0.999482413910367,0.999381350623631,0.999573757212917
"log_morph_vol_dens_aabb",0.908222047758276,0.892137878458773,0.923237823856659,0.994972784194405,0.993991175602867,0.995859984417739
"log_morph_area_dens_aabb",0.775262099142003,0.742130098200134,0.807677278836726,0.985712766162472,0.982923056703688,0.988234169169954
"log_morph_vol_dens_ombb",0.881987297693743,0.861965954579124,0.900852431442472,0.993354301936907,0.992056670291925,0.994527131000507
"log_morph_area_dens_ombb",0.740173877395885,0.70372022189373,0.776282423959046,0.982751053269106,0.979383043030283,0.985795137705446
"log_morph_vol_dens_aee",0.948308782346496,0.938802406252269,0.957059079871319,0.997281965531593,0.996751245130987,0.997761642728804
"log_morph_area_dens_aee",0.786052952234373,0.754039166588134,0.817255264545934,0.986573770570006,0.983952179878442,0.988943224002973
"log_morph_vol_dens_mvee",0.85798357235778,0.834610534681698,0.880193991025401,0.991791758776952,0.99018902668477,0.993240344580284
"log_morph_area_dens_mvee",0.814682490732331,0.785858840015387,0.842493575919297,0.988754300823284,0.986558478054462,0.990738935501197
"log_morph_vol_dens_conv_hull",0.855952659532408,0.832306927436794,0.878438298836211,0.99165576657519,0.990026480796276,0.99312835220595
"log_morph_area_dens_conv_hull",0.704822359164104,0.665501515622843,0.74425899557551,0.979489623691327,0.975484790324546,0.983109283388744
"log_morph_integ_int",0.9549923793632,0.946649648938476,0.962653490682381,0.997649101017059,0.997190067084814,0.998063986349887
"log_morph_moran_i",0.978453671452395,0.974349079684677,0.982191825887688,0.998900171162821,0.99868541980192,0.999094268338616
"log_morph_geary_c",0.970686886448226,0.965152721171446,0.97574082647401,0.998492360391936,0.998197980351483,0.998758427783651
"log_ih_mean_fbn_n32",0.95410734034569,0.945609412204787,0.961913406999179,0.997600765110584,0.997132293162763,0.998024180737053
"log_ih_var_fbn_n32",0.971374232668874,0.965965518901552,0.97631240895899,0.998528700407628,0.9982414160784,0.998788354533773
"log_ih_skew_fbn_n32",0.977552078648047,0.973280183655496,0.981443838783857,0.998853146682993,0.998629213374231,0.99905554271259
"log_ih_kurt_fbn_n32",0.946527889062141,0.936714701896821,0.955566273638436,0.997183310854357,0.996633327250714,0.997680398573627
"log_ih_median_fbn_n32",0.958148298671731,0.950361739563423,0.965290719985638,0.99782077070259,0.99739525680305,0.998205359865682
"log_ih_min_fbn_n32",1,1,1,1,1,1
"log_ih_p10_fbn_n32",0.92260936836242,0.90880728982486,0.935429422774497,0.995823400206835,0.995007881955993,0.996560484193791
"log_ih_p90_fbn_n32",0.95153083292184,0.942583023538154,0.95975762995818,0.997459565540958,0.996963523121522,0.997907899988212
"log_ih_max_fbn_n32",1,1,1,1,1,1
"log_ih_mode_fbn_n32",0.963467049698837,0.95662758871385,0.96972895566245,0.998107676948135,0.997738184044407,0.998441633058069
"log_ih_iqr_fbn_n32",0.903483848355921,0.886667247957622,0.91920965890949,0.994687045821153,0.993649644271254,0.995624672992199
"log_ih_range_fbn_n32",1,1,1,1,1,1
"log_ih_mad_fbn_n32",0.980210121369878,0.976432486563943,0.983648375290969,0.998991546759624,0.998794637296574,0.999169518021389
"log_ih_rmad_fbn_n32",0.979654689052177,0.975773516254289,0.983187871894651,0.998962685184765,0.998760140242567,0.999145749921059
"log_ih_medad_fbn_n32",0.97950652345558,0.975597754003512,0.983065014735166,0.998954980902127,0.998750931630231,0.999139405285896
"log_ih_cov_fbn_n32",0.946969737501233,0.93723254427743,0.955936730147921,0.9972078203566,0.996662622451225,0.997700582652672
"log_ih_qcod_fbn_n32",0.882985225689839,0.863108387799051,0.901707610908975,0.993417527024323,0.9921322406399,0.994579198159987
"log_ih_entropy_fbn_n32",0.977532809958018,0.973257343275011,0.98142785045172,0.998852140785339,0.998628011066116,0.99905471433519
"log_ih_uniformity_fbn_n32",0.958939063586743,0.951292537685314,0.965951078741375,0.99786361740286,0.997446469702571,0.998240645004341
"log_ih_max_grad_fbn_n32",0.943539696446967,0.933214772304685,0.953059445536614,0.997016983929126,0.996434523514237,0.997543424930793
"log_ih_max_grad_g_fbn_n32",0.956441529854295,0.948353649571247,0.963864815624306,0.997728062476045,0.997284446470846,0.998129012734916
"log_ih_min_grad_fbn_n32",0.944833009793526,0.934729098035642,0.954144731702909,0.997089093855446,0.996520713544923,0.997602808937794
"log_ih_min_grad_g_fbn_n32",0.963276456901252,0.956402845341431,0.969570052947567,0.998097447810604,0.997725957576809,0.998433209152987
"log_cm_joint_max_d1_3d_avg_fbn_n32",0.896537984263386,0.878664745711199,0.913292883459837,0.994263017420328,0.993142820554412,0.995275476885522
"log_cm_joint_avg_d1_3d_avg_fbn_n32",0.95485206709418,0.946484709349076,0.96253617409593,0.997641443606177,0.997180914496362,0.998057680314579
"log_cm_joint_var_d1_3d_avg_fbn_n32",0.968564933340845,0.962644778226101,0.973975419935297,0.998379864039214,0.998063518085497,0.998665784724107
"log_cm_joint_entr_d1_3d_avg_fbn_n32",0.977310004506473,0.972993249881838,0.981242968517169,0.998840506774056,0.998614105410671,0.999045133487687
"log_cm_diff_avg_d1_3d_avg_fbn_n32",0.978403504156239,0.974289593785162,0.982150211630746,0.998897556742137,0.998682294892348,0.999092115309426
"log_cm_diff_var_d1_3d_avg_fbn_n32",0.953844487200971,0.94530053116749,0.961693562393897,0.997586393161802,0.997115114963175,0.998012345141724
"log_cm_diff_entr_d1_3d_avg_fbn_n32",0.975119792732789,0.970398327986416,0.979424812407938,0.9987258741471,0.998477089743909,0.998950731162387
"log_cm_sum_avg_d1_3d_avg_fbn_n32",0.95485206709418,0.946484709349076,0.96253617409593,0.997641443606177,0.997180914496362,0.998057680314579
"log_cm_sum_var_d1_3d_avg_fbn_n32",0.967504791145591,0.96139252804726,0.97309293770355,0.998323484780691,0.997996130275382,0.998619355245479
"log_cm_sum_entr_d1_3d_avg_fbn_n32",0.974688074159136,0.969887083510155,0.979066272524657,0.998703220931114,0.998450013286054,0.998932075773242
"log_cm_energy_d1_3d_avg_fbn_n32",0.923914278942047,0.91032352259866,0.936532237633556,0.995899310204147,0.995098614055325,0.99662299763739
"log_cm_contrast_d1_3d_avg_fbn_n32",0.970412639195322,0.964828477006593,0.975512731346615,0.998477847302766,0.998180633452592,0.99874647595631
"log_cm_dissimilarity_d1_3d_avg_fbn_n32",0.978403504156239,0.974289593785162,0.982150211630746,0.998897556742137,0.998682294892348,0.999092115309426
"log_cm_inv_diff_d1_3d_avg_fbn_n32",0.97889881912171,0.974876962090633,0.982561049408399,0.998923358468779,0.998713134635563,0.999113363561834
"log_cm_inv_diff_norm_d1_3d_avg_fbn_n32",0.978997544547244,0.974994048298374,0.982642928785009,0.998928498268345,0.998719278026702,0.999117596292458
"log_cm_inv_diff_mom_d1_3d_avg_fbn_n32",0.979926177866544,0.976095596324958,0.983412971315051,0.998976796264015,0.998777006635525,0.999157370684964
"log_cm_inv_diff_mom_norm_d1_3d_avg_fbn_n32",0.971304469903592,0.965883013932406,0.97625440176428,0.998525014272717,0.998237010192867,0.998785318925882
"log_cm_inv_var_d1_3d_avg_fbn_n32",0.946141839770832,0.936262324409164,0.95524255515987,0.997161878801601,0.996607710399069,0.99766274883751
"log_cm_corr_d1_3d_avg_fbn_n32",0.911099753243044,0.895465037470821,0.925681124861333,0.99514495357851,0.994196962590268,0.996001769445585
"log_cm_auto_corr_d1_3d_avg_fbn_n32",0.9516517059412,0.942724937970073,0.959858807014095,0.997466205906226,0.99697146007716,0.997913368465545
"log_cm_clust_tend_d1_3d_avg_fbn_n32",0.967504791145591,0.96139252804726,0.97309293770355,0.998323484780691,0.997996130275382,0.998619355245479
"log_cm_clust_shade_d1_3d_avg_fbn_n32",0.963855970043126,0.957086245097292,0.970053178079615,0.998128538447873,0.997763118937484,0.998458812932044
"log_cm_clust_prom_d1_3d_avg_fbn_n32",0.939559643755858,0.928559082367624,0.949716594296547,0.996793892841943,0.9961678719084,0.997359704833442
"log_cm_info_corr1_d1_3d_avg_fbn_n32",0.954411050517901,0.945966341886834,0.96216739921195,0.997617361645287,0.997152130318454,0.998037848324628
"log_cm_info_corr2_d1_3d_avg_fbn_n32",0.93529618095912,0.923579407491439,0.946130703239017,0.996552921885332,0.99587984922963,0.997161260295985
"log_cm_joint_max_d1_3d_v_mrg_fbn_n32",0.896500725087006,0.878621873048186,0.913261106731487,0.994260726101699,0.993140081835446,0.995273589937519
"log_cm_joint_avg_d1_3d_v_mrg_fbn_n32",0.954846694827715,0.946478394322712,0.962531682176023,0.997641150377363,0.997180564012013,0.998057438834621
"log_cm_joint_var_d1_3d_v_mrg_fbn_n32",0.968610710039214,0.962698861131696,0.974013518214309,0.998382295846452,0.998066424724722,0.998667787367368
"log_cm_joint_entr_d1_3d_v_mrg_fbn_n32",0.978162894603311,0.974004306199577,0.981950613915781,0.998885014068121,0.998667303149692,0.999081786159479
"log_cm_diff_avg_d1_3d_v_mrg_fbn_n32",0.978276629024974,0.974139156447996,0.982044964348042,0.998890943630448,0.998674390511794,0.999086669275976
"log_cm_diff_var_d1_3d_v_mrg_fbn_n32",0.957028651203552,0.949044281814435,0.964355413516315,0.997759989084331,0.997322607033313,0.998155304953294
"log_cm_diff_entr_d1_3d_v_mrg_fbn_n32",0.976009099816988,0.971451709237836,0.980163212777952,0.998772478103318,0.998532793537014,0.998989110478573
"log_cm_sum_avg_d1_3d_v_mrg_fbn_n32",0.954846694827715,0.946478394322712,0.962531682176023,0.997641150377363,0.997180564012013,0.998057438834621
"log_cm_sum_var_d1_3d_v_mrg_fbn_n32",0.967603061698135,0.96150858558375,0.973174753216924,0.998328715818933,0.99800238272036,0.998623663113029
"log_cm_sum_entr_d1_3d_v_mrg_fbn_n32",0.974847148516862,0.970075451112937,0.979198388961701,0.998711570124811,0.998459992734067,0.998938951505922
"log_cm_energy_d1_3d_v_mrg_fbn_n32",0.923410100602104,0.909737609900713,0.936106200969305,0.995870004917626,0.995063586651007,0.996598864131383
"log_cm_contrast_d1_3d_v_mrg_fbn_n32",0.970228061093633,0.964610267686116,0.975359203389454,0.998468075098844,0.998168953138952,0.998738428345451
"log_cm_dissimilarity_d1_3d_v_mrg_fbn_n32",0.978276629024974,0.974139156447996,0.982044964348042,0.998890943630448,0.998674390511794,0.999086669275976
"log_cm_inv_diff_d1_3d_v_mrg_fbn_n32",0.978793297861789,0.974751820893911,0.982473530799578,0.998917863779616,0.998706567059479,0.99910883857233
"log_cm_inv_diff_norm_d1_3d_v_mrg_fbn_n32",0.978871475493368,0.97484453389745,0.982538371089005,0.998921934742874,0.998711432914515,0.999112191094277
"log_cm_inv_diff_mom_d1_3d_v_mrg_fbn_n32",0.979820303212145,0.975969988351292,0.983325189947637,0.998971294136825,0.998770430169073,0.999152839570092
"log_cm_inv_diff_mom_norm_d1_3d_v_mrg_fbn_n32",0.971122175842697,0.965667433796714,0.9761028192392,0.998515379821708,0.998225494529623,0.998777384757379
"log_cm_inv_var_d1_3d_v_mrg_fbn_n32",0.946369427197891,0.936529006499578,0.955433401853153,0.997174515632053,0.996622814683042,0.997673155527217
"log_cm_corr_d1_3d_v_mrg_fbn_n32",0.911729224018871,0.896193287786926,0.926215254803017,0.995182477035041,0.994241812835372,0.996032670783571
"log_cm_auto_corr_d1_3d_v_mrg_fbn_n32",0.951647362298708,0.942719838082886,0.959855171229158,0.997465967308513,0.996971174891122,0.997913171975423
"log_cm_clust_tend_d1_3d_v_mrg_fbn_n32",0.967603061698135,0.96150858558375,0.973174753216924,0.998328715818933,0.99800238272036,0.998623663113029
"log_cm_clust_shade_d1_3d_v_mrg_fbn_n32",0.963935730246762,0.957180314966273,0.970119664706077,0.998132814774261,0.997768230254627,0.998462334574751
"log_cm_clust_prom_d1_3d_v_mrg_fbn_n32",0.939818361079147,0.928861511870137,0.949934028254324,0.996808448917877,0.996185270187603,0.997371692061267
"log_cm_info_corr1_d1_3d_v_mrg_fbn_n32",0.955541985172367,0.947295802432952,0.963112968415913,0.997679074714395,0.997225893413101,0.998088670305943
"log_cm_info_corr2_d1_3d_v_mrg_fbn_n32",0.932021692784829,0.919760124591362,0.943373093115439,0.996366430960403,0.995656944293202,0.997007681184801
"log_rlm_sre_3d_avg_fbn_n32",0.976125966695901,0.97159016338554,0.980260232055756,0.998778596498312,0.998540106603039,0.998994149102653
"log_rlm_lre_3d_avg_fbn_n32",0.810925165196749,0.781664228917276,0.839195577420633,0.988476371515376,0.986226280577645,0.990510055001533
"log_rlm_lgre_3d_avg_fbn_n32",0.880209040649356,0.859931222127113,0.899327821214822,0.993241302745832,0.991921607003926,0.994434073843241
"log_rlm_hgre_3d_avg_fbn_n32",0.942517349062238,0.932018226268567,0.952201204624975,0.9969598493293,0.996366232875714,0.997496373413071
"log_rlm_srlge_3d_avg_fbn_n32",0.869627078196943,0.847850144508037,0.890236026622863,0.992559860866231,0.991107107537477,0.993872892444023
"log_rlm_srhge_3d_avg_fbn_n32",0.950324871626274,0.941167475424321,0.958747950672207,0.997393226356711,0.996884230621616,0.997853268305961
"log_rlm_lrlge_3d_avg_fbn_n32",0.797473766944991,0.766693528762427,0.827353329010292,0.98746122998114,0.985012923631505,0.989674065075407
"log_rlm_lrhge_3d_avg_fbn_n32",0.844105794441619,0.818902981605558,0.868172402236401,0.990850210517852,0.98906363275518,0.992464960229411
"log_rlm_glnu_3d_avg_fbn_n32",0.945163223876146,0.935115857177493,0.954421755305776,0.997107475300919,0.996542684131084,0.997617946436089
"log_rlm_glnu_norm_3d_avg_fbn_n32",0.942313060121884,0.931779182187129,0.952029672386529,0.996948418423293,0.996352569983658,0.997486959826939
"log_rlm_rlnu_3d_avg_fbn_n32",0.933959561541888,0.92201985367521,0.945005439041087,0.996476947331289,0.995789039968292,0.997098693688591
"log_rlm_rlnu_norm_3d_avg_fbn_n32",0.97998133848377,0.976161039934639,0.983458704104133,0.998979662421197,0.998780432435386,0.999159731024336
"log_rlm_r_perc_3d_avg_fbn_n32",0.977209190529924,0.972873761272245,0.981159309441348,0.998835241016427,0.998607811467038,0.999040797028008
"log_rlm_gl_var_3d_avg_fbn_n32",0.953085567703443,0.944408885776478,0.961058709173702,0.997544855772411,0.997065467029126,0.997978138247496
"log_rlm_rl_var_3d_avg_fbn_n32",0.765477898894156,0.731371492098046,0.798961617098431,0.98491244898932,0.981966470485501,0.98757509152226
"log_rlm_rl_entr_3d_avg_fbn_n32",0.889608779672221,0.870701572176688,0.907376309573287,0.993833776939581,0.992629767052695,0.994921988523863
"log_rlm_sre_3d_v_mrg_fbn_n32",0.97662738623274,0.972184271340319,0.980676451768425,0.998804831817537,0.998571464601646,0.999015754427468
"log_rlm_lre_3d_v_mrg_fbn_n32",0.807881244576083,0.77827018994957,0.836520623261894,0.988249433167118,0.985955030498796,0.990323166605583
"log_rlm_lgre_3d_v_mrg_fbn_n32",0.880356135246524,0.860099482141981,0.899453969744936,0.993250666201128,0.991932798757134,0.994441784841202
"log_rlm_hgre_3d_v_mrg_fbn_n32",0.942711835285802,0.932245816579628,0.952364494939172,0.996970727368274,0.996379234948533,0.997505331701833
"log_rlm_srlge_3d_v_mrg_fbn_n32",0.870064999408738,0.848349186092867,0.890612933255466,0.992588371516637,0.991141185145912,0.99389637155085
"log_rlm_srhge_3d_v_mrg_fbn_n32",0.950532421078959,0.941411050670588,0.958921748749412,0.997404654886689,0.996897890673703,0.997862679935384
"log_rlm_lrlge_3d_v_mrg_fbn_n32",0.797485130286752,0.766706145177466,0.827363356324236,0.987462101100293,0.985013964844419,0.989674782459941
"log_rlm_lrhge_3d_v_mrg_fbn_n32",0.839918730087833,0.814179278422413,0.864534080661189,0.990560386445348,0.988717217955202,0.992226284146529
"log_rlm_glnu_3d_v_mrg_fbn_n32",0.945180299556312,0.935135858131174,0.954436079614487,0.997108425491887,0.99654381985529,0.997618728937888
"log_rlm_glnu_norm_3d_v_mrg_fbn_n32",0.942238764107173,0.931692250831393,0.95196728642113,0.996944260055379,0.996347599657429,0.99748353532546
"log_rlm_rlnu_3d_v_mrg_fbn_n32",0.933875618661576,0.921921935480365,0.944934752751903,0.996472169077738,0.995783328718243,0.997094758698544
"log_rlm_rlnu_norm_3d_v_mrg_fbn_n32",0.980163141288048,0.976376743699773,0.983609427904994,0.998989106765449,0.998791720871838,0.999167508636016
"log_rlm_r_perc_3d_v_mrg_fbn_n32",0.977209190529924,0.972873761272245,0.981159309441348,0.998835241016427,0.998607811467038,0.999040797028008
"log_rlm_gl_var_3d_v_mrg_fbn_n32",0.953174794450772,0.944513704298314,0.961133357800395,0.997549742606756,0.997071308061334,0.997982162656059
"log_rlm_rl_var_3d_v_mrg_fbn_n32",0.763729650985782,0.729453076334394,0.797401161177947,0.984767427615245,0.981793132398507,0.987455663438874
"log_rlm_rl_entr_3d_v_mrg_fbn_n32",0.887971341616058,0.868822726670362,0.905976119431493,0.9937314194447,0.992507423346705,0.99483769502222
"log_szm_sze_3d_fbn_n32",0.682830420721748,0.641964767253147,0.72413515806783,0.977302517656932,0.972870632387669,0.981308156599563
"log_szm_lze_3d_fbn_n32",0.946117029146259,0.936233253196409,0.955221748967222,0.997160500839325,0.996606063377404,0.997661614057243
"log_szm_lgze_3d_fbn_n32",0.715501987412627,0.676997125048314,0.753975234534435,0.980506541745314,0.976700270671715,0.983946736315412
"log_szm_hgze_3d_fbn_n32",0.832274428923014,0.805573594425865,0.857878059098523,0.990024181599947,0.98807631434543,0.991784708431244
"log_szm_szlge_3d_fbn_n32",0.524672808429022,0.477895558032365,0.574662638735066,0.956665459061048,0.948204004581879,0.964313114520029
"log_szm_szhge_3d_fbn_n32",0.810380640959299,0.781056800391883,0.838717264365356,0.988435892290865,0.986177897424579,0.99047671952784
"log_szm_lzlge_3d_fbn_n32",0.901357782722204,0.884215604399238,0.917400075995013,0.994557910334436,0.993495293932393,0.995518327263688
"log_szm_lzhge_3d_fbn_n32",0.943048141425472,0.932639404746809,0.952646831652528,0.99698952767699,0.996401706184711,0.997520814142621
"log_szm_glnu_3d_fbn_n32",0.944671503084746,0.934539952388134,0.954009229022403,0.9970800991134,0.996509962499505,0.997595401582775
"log_szm_glnu_norm_3d_fbn_n32",0.809026263622853,0.77954647724408,0.837527180658162,0.988334987756827,0.986057290382956,0.990393622569326
"log_szm_zsnu_3d_fbn_n32",0.923177565324849,0.909467413814265,0.935909681321374,0.995856478636968,0.995047419243765,0.996587724961142
"log_szm_zsnu_norm_3d_fbn_n32",0.701605924017823,0.6620477837826,0.741325532485143,0.979177710859324,0.975111973738348,0.98285241675824
"log_szm_z_perc_3d_fbn_n32",0.967512184297351,0.961401259214232,0.973099092993791,0.998323878360494,0.997996600705143,0.99861967936654
"log_szm_gl_var_3d_fbn_n32",0.855354427564372,0.831628692038935,0.877920903084928,0.991615592299401,0.989978462135882,0.9930952678638
"log_szm_zs_var_3d_fbn_n32",0.946133559331916,0.936252621987867,0.955235611202253,0.997161418920247,0.996607160721791,0.997662370115759
"log_szm_zs_entr_3d_fbn_n32",0.806863645346022,0.777136369521347,0.835625742222819,0.988173207936164,0.98586392161365,0.990260393560598
"log_dzm_sde_3d_fbn_n32",0.805696099617644,0.775835985983807,0.83459860878749,0.988085528023688,0.985759121418553,0.990188187349857
"log_dzm_lde_3d_fbn_n32",0.962294698349581,0.955245424487837,0.968751370609908,0.998044695851374,0.997662905328432,0.99838976682991
"log_dzm_lgze_3d_fbn_n32",0.715501987412627,0.676997125048314,0.753975234534435,0.980506541745314,0.976700270671715,0.983946736315412
"log_dzm_hgze_3d_fbn_n32",0.832274428923014,0.805573594425865,0.857878059098523,0.990024181599947,0.98807631434543,0.991784708431244
"log_dzm_sdlge_3d_fbn_n32",0.706220591340139,0.667004122974337,0.745533177875744,0.97962439227902,0.975645873677441,0.983220268091733
"log_dzm_sdhge_3d_fbn_n32",0.865200502047337,0.842810194800209,0.886423016400267,0.992270143345968,0.990760820095013,0.993634304109102
"log_dzm_ldlge_3d_fbn_n32",0.866512199971253,0.84430280757521,0.887553503969211,0.992356284351955,0.990863780898445,0.993705242998708
"log_dzm_ldhge_3d_fbn_n32",0.963275054138351,0.956401191288827,0.969568883385781,0.998097372509928,0.997725867573006,0.998433147141333
"log_dzm_glnu_3d_fbn_n32",0.944671503084746,0.934539952388134,0.954009229022403,0.9970800991134,0.996509962499505,0.997595401582775
"log_dzm_glnu_norm_3d_fbn_n32",0.809026263622853,0.77954647724408,0.837527180658162,0.988334987756827,0.986057290382956,0.990393622569326
"log_dzm_zdnu_3d_fbn_n32",0.906156926087434,0.889752368138375,0.921482966710761,0.994848593691563,0.993842735799958,0.995757710985125
"log_dzm_zdnu_norm_3d_fbn_n32",0.780605365487053,0.748021341136144,0.812424471177774,0.986141893846492,0.983435975384113,0.988587564641189
"log_dzm_z_perc_3d_fbn_n32",0.967512184297351,0.961401259214232,0.973099092993791,0.998323878360494,0.997996600705143,0.99861967936654
"log_dzm_gl_var_3d_fbn_n32",0.855354427564372,0.831628692038935,0.877920903084928,0.991615592299401,0.989978462135882,0.9930952678638
"log_dzm_zd_var_3d_fbn_n32",0.963505314632408,0.956672711892429,0.969760857010086,0.998109730169016,0.997740638174924,0.998443323927681
"log_dzm_zd_entr_3d_fbn_n32",0.852386346727133,0.828265847228613,0.875352310977078,0.991415485345055,0.98973928251921,0.992930475672427
"log_ngt_coarseness_3d_fbn_n32",0.966712948695911,0.960457515461814,0.972433587398421,0.998281297420915,0.997945705458452,0.998584613087275
"log_ngt_contrast_3d_fbn_n32",0.97663173220814,0.972189421159095,0.980680058980575,0.998805059096326,0.998571736258639,0.999015941596224
"log_ngt_busyness_3d_fbn_n32",0.929054398901526,0.916303100755761,0.94087154014884,0.996196361067146,0.995453666740907,0.996867625130836
"log_ngt_complexity_3d_fbn_n32",0.947450343402077,0.937795905504067,0.956339618986543,0.99723445516004,0.996694457936892,0.997722516960952
"log_ngt_strength_3d_fbn_n32",0.945137571014615,0.935085809901802,0.954400235684822,0.997106047764156,0.996540977855074,0.997616770830212
"log_ngl_lde_d1_a0.0_3d_fbn_n32",0.971495694859272,0.966109171290169,0.976413400568645,0.998535117045777,0.998249085622208,0.998793638767224
"log_ngl_hde_d1_a0.0_3d_fbn_n32",0.969892747174557,0.964213895609898,0.975080272300447,0.998450313392562,0.99814772330157,0.998723801215123
"log_ngl_lgce_d1_a0.0_3d_fbn_n32",0.891263911521047,0.872601857058403,0.90879083407064,0.993936879577242,0.99275300139722,0.995006895665907
"log_ngl_hgce_d1_a0.0_3d_fbn_n32",0.951181037614689,0.94217237186874,0.95946480964714,0.997440339929467,0.99694054353842,0.997892067301845
"log_ngl_ldlge_d1_a0.0_3d_fbn_n32",0.89541311304447,0.877370656978597,0.91233335174732,0.994193762125186,0.993060042547028,0.995218443725991
"log_ngl_ldhge_d1_a0.0_3d_fbn_n32",0.962073724153469,0.954984969938941,0.968567064210293,0.998032808367812,0.997648696707993,0.998379977242774
"log_ngl_hdlge_d1_a0.0_3d_fbn_n32",0.925748869387896,0.912456438171087,0.938081872745693,0.996005690578351,0.995225766143601,0.996710604062871
"log_ngl_hdhge_d1_a0.0_3d_fbn_n32",0.953113283945824,0.944441444877667,0.96108189729832,0.997546373848245,0.997067281522766,0.997979388414159
"log_ngl_glnu_d1_a0.0_3d_fbn_n32",0.962477290192271,0.955460655100053,0.968903653339518,0.998054514620448,0.997674641299483,0.99839785278813
"log_ngl_glnu_norm_d1_a0.0_3d_fbn_n32",0.958939063586743,0.951292537685314,0.965951078741375,0.99786361740286,0.997446469702571,0.998240645004341
"log_ngl_dcnu_d1_a0.0_3d_fbn_n32",0.834124647012565,0.807654332696858,0.859490684823221,0.990154812020936,0.988232451517774,0.991892285268867
"log_ngl_dcnu_norm_d1_a0.0_3d_fbn_n32",0.757551059651035,0.722682624452741,0.791878617427389,0.984249883993123,0.981174533781809,0.98702945562466
"log_ngl_dc_perc_d1_a0.0_3d_fbn_n32",1,1,1,1,1,1
"log_ngl_gl_var_d1_a0.0_3d_fbn_n32",0.971374232668874,0.965965518901552,0.97631240895899,0.998528700407628,0.9982414160784,0.998788354533773
"log_ngl_dc_var_d1_a0.0_3d_fbn_n32",0.942970225715171,0.93254821355975,0.95258142248872,0.996985173134916,0.996396501379574,0.997517228087688
"log_ngl_dc_entr_d1_a0.0_3d_fbn_n32",0.929731544446679,0.917091673350299,0.941442623990297,0.996235262014736,0.995500163444448,0.996899660861033
"log_ngl_dc_energy_d1_a0.0_3d_fbn_n32",0.688061712351908,0.647547073075937,0.728936272261723,0.977834543925383,0.973506541516182,0.981746291170812
